<?xml version="1.0" encoding="UTF-8"?>
<metadata xml:lang="en"><Esri><CreaDate>20151201</CreaDate><CreaTime>12123100</CreaTime><ArcGISFormat>1.0</ArcGISFormat><SyncOnce>TRUE</SyncOnce><DataProperties><itemProps><itemLocation><linkage Sync="TRUE">file://\\NEON-012I\C$\Users\jmusinsky\Documents\Data\NEON Sites\Flight_Boundaries_ArcGIS_Online\D01_HARV\Shapes\HARV_optimized_v3</linkage><protocol Sync="TRUE">Local Area Network</protocol></itemLocation></itemProps><copyHistory><copy source="C:\Users\jmusinsky\Documents\Data\Flight_Planning\Northeast\HARV\Shapes\HARV_optimized_v3" dest="\\NEON-012I\C$\Users\jmusinsky\Documents\Data\NEON Sites\Flight_Boundaries_ArcGIS_Online\D01_HARV\Shapes\HARV_optimized_v3" date="20140430" time="10032400"></copy></copyHistory></DataProperties></Esri></metadata>
