<?xml version="1.0" encoding="UTF-8"?>
<metadata xml:lang="en"><Esri><CreaDate>20151201</CreaDate><CreaTime>12585800</CreaTime><ArcGISFormat>1.0</ArcGISFormat><SyncOnce>TRUE</SyncOnce><DataProperties><itemProps><itemLocation><linkage Sync="TRUE">file://\\eco.neoninternal.org\neon\home\jmusinsky\Data\NEON Sites\Flight_Boundaries_ArcGIS_Online\D01_BART\Shapes\D02_BART_R1_P1_v1</linkage><protocol Sync="TRUE">Local Area Network</protocol></itemLocation></itemProps><copyHistory><copy source="H:\Data\NEON Sites\Flight_Boundaries_ArcGIS_Online\D05_TREE\Shapes\D02_BART_R1_P1_v1" dest="\\eco.neoninternal.org\neon\home\jmusinsky\Data\NEON Sites\Flight_Boundaries_ArcGIS_Online\D01_BART\Shapes\D02_BART_R1_P1_v1" date="20151201" time="12585800"></copy></copyHistory></DataProperties></Esri></metadata>
