<?xml version="1.0" encoding="UTF-8"?>
<metadata xml:lang="en"><Esri><CreaDate>20151207</CreaDate><CreaTime>12561700</CreaTime><ArcGISFormat>1.0</ArcGISFormat><SyncOnce>TRUE</SyncOnce><DataProperties><itemProps><itemLocation><linkage Sync="TRUE">file://\\aop-sandbox\sciAopSandbox\planning\Flight_Campaign_Geodata\Active\D03_JERC\Shapes\D03_JERC_R2_P1_v1</linkage><protocol Sync="TRUE">Local Area Network</protocol></itemLocation></itemProps><copyHistory><copy source="H:\Data\NEON Sites\Flight_Boundaries_ArcGIS_Online\D03_JERC\Shapes\D03_JERC_R2_P1_v1" dest="\\aop-sandbox\sciAopSandbox\planning\Flight_Campaign_Geodata\Active\D03_JERC\Shapes\D03_JERC_R2_P1_v1" date="20151207" time="12561700"></copy></copyHistory></DataProperties></Esri></metadata>
