<?xml version="1.0" encoding="UTF-8"?>
<metadata xml:lang="en"><Esri><CreaDate>20160222</CreaDate><CreaTime>10285300</CreaTime><ArcGISFormat>1.0</ArcGISFormat><SyncOnce>TRUE</SyncOnce><DataProperties><lineage><Process ToolSource="c:\program files (x86)\arcgis\desktop10.2\ArcToolbox\Toolboxes\Data Management Tools.tbx\Project" Date="20160222" Time="102354">Project STEI_CHEQ_fltbox_wgs84 "H:\Data\NEON Sites\Flight_Boundaries_ArcGIS_Online\D05_STEI\Shapes\STEI_CHEQ_fltbox_utm16n.shp" PROJCS['WGS_1984_UTM_Zone_16N',GEOGCS['GCS_WGS_1984',DATUM['D_WGS_1984',SPHEROID['WGS_1984',6378137.0,298.257223563]],PRIMEM['Greenwich',0.0],UNIT['Degree',0.0174532925199433]],PROJECTION['Transverse_Mercator'],PARAMETER['False_Easting',500000.0],PARAMETER['False_Northing',0.0],PARAMETER['Central_Meridian',-87.0],PARAMETER['Scale_Factor',0.9996],PARAMETER['Latitude_Of_Origin',0.0],UNIT['Meter',1.0]] # GEOGCS['GCS_WGS_1984',DATUM['D_WGS_1984',SPHEROID['WGS_1984',6378137.0,298.257223563]],PRIMEM['Greenwich',0.0],UNIT['Degree',0.0174532925199433]]</Process></lineage><itemProps><itemLocation><linkage Sync="TRUE">file://\\aop-sandbox\sciAopSandbox\planning\Flight_Campaign_Geodata\Active\D05_CHEQ\Shapes\D05_CHEQ_R2_P1_v2</linkage><protocol Sync="TRUE">Local Area Network</protocol></itemLocation></itemProps><copyHistory><copy source="Z:\planning\Flight_Campaign_Geodata\Active\D05_STEI\Shapes\D05_CHEQ_R2_P1_v2" dest="\\aop-sandbox\sciAopSandbox\planning\Flight_Campaign_Geodata\Active\D05_CHEQ\Shapes\D05_CHEQ_R2_P1_v2" date="20160325" time="10003900"></copy></copyHistory></DataProperties></Esri></metadata>
