<?xml version="1.0" encoding="UTF-8"?>
<metadata xml:lang="en"><Esri><CreaDate>20160425</CreaDate><CreaTime>09490900</CreaTime><ArcGISFormat>1.0</ArcGISFormat><SyncOnce>TRUE</SyncOnce><DataProperties><itemProps><itemLocation><linkage Sync="TRUE">file://\\aop-sandbox.eco.neoninternal.org\sciAopSandbox\planning\Flight_Campaign_Geodata\Active\D05_STEI\Shapes\D5_STEI_TREE_R1_P1_v2</linkage><protocol Sync="TRUE">Local Area Network</protocol></itemLocation></itemProps><copyHistory><copy source="C:\Users\jmusinsky\Documents\Data\NEON Sites\Flight_Boundaries_ArcGIS_Online\D05_TREE\Shapes\D5_STEI_TREE_R1_P1_v2" dest="\\aop-sandbox.eco.neoninternal.org\sciAopSandbox\planning\Flight_Campaign_Geodata\Active\D05_STEI\Shapes\D5_STEI_TREE_R1_P1_v2" date="20160425" time="09490900"></copy></copyHistory></DataProperties></Esri></metadata>
