<?xml version="1.0" encoding="UTF-8"?>
<metadata xml:lang="en"><Esri><CreaDate>20151208</CreaDate><CreaTime>16411200</CreaTime><ArcGISFormat>1.0</ArcGISFormat><SyncOnce>TRUE</SyncOnce><DataProperties><itemProps><itemLocation><linkage Sync="TRUE">file://\\aop-sandbox\sciAopSandbox\planning\Flight_Campaign_Geodata\Active\D05_UNDE\Shapes\D05_UNDE_C1_P1_v1</linkage><protocol Sync="TRUE">Local Area Network</protocol></itemLocation></itemProps><copyHistory><copy source="H:\Data\NEON Sites\Flight_Boundaries_ArcGIS_Online\D05_UNDE\Shapes\D05_UNDE_C1_P1_v1" dest="\\aop-sandbox\sciAopSandbox\planning\Flight_Campaign_Geodata\Active\D05_UNDE\Shapes\D05_UNDE_C1_P1_v1" date="20151208" time="16411200"></copy></copyHistory></DataProperties></Esri></metadata>
