<?xml version="1.0" encoding="UTF-8"?>
<metadata xml:lang="en"><Esri><CreaDate>20151217</CreaDate><CreaTime>15174900</CreaTime><ArcGISFormat>1.0</ArcGISFormat><SyncOnce>TRUE</SyncOnce><DataProperties><itemProps><itemLocation><linkage Sync="TRUE">file://\\aop-sandbox\sciAopSandbox\planning\Flight_Campaign_Geodata\Active\D09_NOGP\Shapes\D09_NOGP_R2_P1_v1</linkage><protocol Sync="TRUE">Local Area Network</protocol></itemLocation></itemProps><copyHistory><copy source="H:\Data\NEON Sites\Flight_Boundaries_ArcGIS_Online\D09_NOGP\Shapes\D09_NOGP_R2_P1_v1" dest="\\aop-sandbox\sciAopSandbox\planning\Flight_Campaign_Geodata\Active\D09_NOGP\Shapes\D09_NOGP_R2_P1_v1" date="20151217" time="15174900"></copy></copyHistory></DataProperties></Esri></metadata>
