<?xml version="1.0" encoding="UTF-8"?>
<metadata xml:lang="en"><Esri><CreaDate>20150302</CreaDate><CreaTime>11413000</CreaTime><ArcGISFormat>1.0</ArcGISFormat><SyncOnce>TRUE</SyncOnce><DataProperties><itemProps><itemLocation><linkage Sync="TRUE">file://\\nas2fs\home\jmusinsky\Data\NEON Sites\Flight_Boundaries_ArcGIS_Online\D10_CPER\Shapes\CPER_optimized</linkage><protocol Sync="TRUE">Local Area Network</protocol></itemLocation></itemProps><copyHistory><copy source="C:\Users\jmusinsky\Documents\Data\Flight_Planning\Central_Plains\CPER\Shapes\CPER_optimized" dest="\\nas2fs\home\jmusinsky\Data\NEON Sites\Flight_Boundaries_ArcGIS_Online\D10_CPER\Shapes\CPER_optimized" date="20140911" time="10420500"></copy></copyHistory></DataProperties></Esri></metadata>
